timestamp,user_text,result
2025-10-29T10:23:03.022759,多囊是因为吃甜食,"{""conclusion"": ""unknown"", ""explanation"": ""模型返回不可解析的结果。"", ""sources"": [], ""raw_model_output"": """", ""local_matches"": []}"
2025-10-29T13:08:08.996270,吃避孕药会导致多囊,"{""conclusion"": ""unknown"", ""explanation"": ""模型返回不可解析的结果。"", ""sources"": [], ""raw_model_output"": """", ""local_matches"": []}"
2025-10-29T13:13:23.242155,吃避孕药会导致多囊,"{""conclusion"": ""unknown"", ""explanation"": ""模型返回不可解析的结果。"", ""sources"": [], ""raw_model_output"": """"}"
2025-10-29T13:16:59.123468,吃大量糖会直接导致 PCOS。,"{""conclusion"": ""unknown"", ""explanation"": ""模型返回不可解析的结果。"", ""sources"": [], ""raw_model_output"": """"}"
2025-10-29T13:19:56.933566,吃大量糖会直接导致 PCOS。,"{""conclusion"": ""unknown"", ""explanation"": ""模型返回不可解析的结果。"", ""sources"": [], ""raw_model_output"": """"}"
2025-10-29T13:23:32.120595,吃大量糖会直接导致 PCOS。,"{""conclusion"": ""unknown"", ""explanation"": ""模型返回不可解析的结果。"", ""sources"": [], ""raw_model_output"": ""{\""conclusion\"": \""unknown\"", \""explanation\"": \""模型返回不可解析的结果。\"", \""sources\"": []}""}"
2025-10-29T13:26:15.530532,吃大量糖会直接导致 PCOS。,"{""conclusion"": ""unknown"", ""explanation"": ""DeepSeek API 调用失败或模型返回不可解析: "", ""sources"": [{""title"": ""Example Scientific Source"", ""link"": ""https://www.ncbi.nlm.nih.gov/pmc/articles/""}], ""raw_model_output"": ""{\""conclusion\"": \""unknown\"", \""explanation\"": \""DeepSeek API 调用失败或模型返回不可解析: \"", \""sources\"": [{\""title\"": \""Example Scientific Source\"", \""link\"": \""https://www.ncbi.nlm.nih.gov/pmc/articles/\""}]}""}"
2025-10-29T13:33:00.620993,吃大量糖会直接导致 PCOS。,"{""conclusion"": ""unknown"", ""explanation"": ""DeepSeek API 调用失败或模型返回不可解析: "", ""sources"": [{""title"": ""Example Scientific Source"", ""link"": ""https://www.ncbi.nlm.nih.gov/pmc/articles/""}], ""raw_model_output"": ""{\""conclusion\"": \""unknown\"", \""explanation\"": \""DeepSeek API 调用失败或模型返回不可解析: \"", \""sources\"": [{\""title\"": \""Example Scientific Source\"", \""link\"": \""https://www.ncbi.nlm.nih.gov/pmc/articles/\""}]}""}"
2025-10-29T13:34:49.119901,吃大量糖会直接导致 PCOS。,"{""conclusion"": ""unknown"", ""explanation"": ""DeepSeek API 调用失败或模型返回不可解析: "", ""sources"": [{""title"": ""Example Scientific Source"", ""link"": ""https://www.ncbi.nlm.nih.gov/pmc/articles/""}], ""raw_model_output"": ""{\""conclusion\"": \""unknown\"", \""explanation\"": \""DeepSeek API 调用失败或模型返回不可解析: \"", \""sources\"": [{\""title\"": \""Example Scientific Source\"", \""link\"": \""https://www.ncbi.nlm.nih.gov/pmc/articles/\""}]}""}"
2025-10-30T00:40:00.286750,吃大量糖会直接导致 PCOS。,"{""conclusion"": ""unknown"", ""explanation"": ""DeepSeek API 调用失败或模型返回不可解析: "", ""sources"": [{""title"": ""Example Scientific Source"", ""link"": ""https://www.ncbi.nlm.nih.gov/pmc/articles/""}], ""raw_model_output"": ""{\""conclusion\"": \""unknown\"", \""explanation\"": \""DeepSeek API 调用失败或模型返回不可解析: \"", \""sources\"": [{\""title\"": \""Example Scientific Source\"", \""link\"": \""https://www.ncbi.nlm.nih.gov/pmc/articles/\""}]}""}"
2025-10-30T03:07:18.326644,吃大量糖会直接导致 PCOS。,"{""conclusion"": ""unknown"", ""explanation"": ""DeepSeek API 调用失败或模型返回不可解析: "", ""sources"": [{""title"": ""Example Scientific Source"", ""link"": ""https://www.ncbi.nlm.nih.gov/pmc/articles/""}], ""raw_model_output"": ""{\""conclusion\"": \""unknown\"", \""explanation\"": \""DeepSeek API 调用失败或模型返回不可解析: \"", \""sources\"": [{\""title\"": \""Example Scientific Source\"", \""link\"": \""https://www.ncbi.nlm.nih.gov/pmc/articles/\""}]}""}"
2025-10-30T03:12:49.281758,吃大量糖会直接导致 PCOS。,"{""conclusion"": ""rumor"", ""explanation"": ""High sugar intake does not directly cause PCOS, but it can worsen insulin resistance, a key feature of the condition. PCOS is a complex endocrine disorder with genetic and hormonal origins."", ""sources"": [{""title"": ""NIH - Polycystic Ovary Syndrome"", ""link"": ""https://www.nichd.nih.gov/health/topics/pcos""}, {""title"": ""WHO - Polycystic ovary syndrome"", ""link"": ""https://www.who.int/news-room/fact-sheets/detail/polycystic-ovary-syndrome""}], ""raw_model_output"": ""{\""conclusion\"": \""rumor\"", \""explanation\"": \""High sugar intake does not directly cause PCOS, but it can worsen insulin resistance, a key feature of the condition. PCOS is a complex endocrine disorder with genetic and hormonal origins.\"", \""sources\"": [{\""title\"": \""NIH - Polycystic Ovary Syndrome\"", \""link\"": \""https://www.nichd.nih.gov/health/topics/pcos\""}, {\""title\"": \""WHO - Polycystic ovary syndrome\"", \""link\"": \""https://www.who.int/news-room/fact-sheets/detail/polycystic-ovary-syndrome\""}]}""}"
2025-10-30T03:26:00.809901,PCOS can be cured by lemon water,"{""conclusion"": ""rumor"", ""explanation"": ""PCOS is a chronic endocrine disorder with no known cure. While lifestyle changes like diet can help manage symptoms, no single food or drink, including lemon water, can cure the underlying condition."", ""sources"": [{""title"": ""WHO Fact Sheet on PCOS"", ""link"": ""https://www.who.int/news-room/fact-sheets/detail/polycystic-ovary-syndrome""}, {""title"": ""NIH - Polycystic Ovary Syndrome"", ""link"": ""https://www.nichd.nih.gov/health/topics/pcos""}, {""title"": ""PubMed - PCOS Review"", ""link"": ""https://pubmed.ncbi.nlm.nih.gov/31821434/""}], ""raw_model_output"": ""{\""conclusion\"": \""rumor\"", \""explanation\"": \""PCOS is a chronic endocrine disorder with no known cure. While lifestyle changes like diet can help manage symptoms, no single food or drink, including lemon water, can cure the underlying condition.\"", \""sources\"": [{\""title\"": \""WHO Fact Sheet on PCOS\"", \""link\"": \""https://www.who.int/news-room/fact-sheets/detail/polycystic-ovary-syndrome\""}, {\""title\"": \""NIH - Polycystic Ovary Syndrome\"", \""link\"": \""https://www.nichd.nih.gov/health/topics/pcos\""}, {\""title\"": \""PubMed - PCOS Review\"", \""link\"": \""https://pubmed.ncbi.nlm.nih.gov/31821434/\""}]}""}"
2025-10-30T03:41:17.892599,PCOS治不好,"{""conclusion"": ""rumor"", ""explanation"": ""PCOS is a chronic condition that cannot be cured, but it is highly manageable. With proper treatment and lifestyle changes, symptoms can be effectively controlled, and long-term health risks can be reduced."", ""sources"": [{""title"": ""NIH: Polycystic Ovary Syndrome"", ""link"": ""https://www.nichd.nih.gov/health/topics/pcos""}, {""title"": ""ACOG: Management of Polycystic Ovary Syndrome"", ""link"": ""https://www.acog.org/clinical/clinical-guidance/practice-bulletin/articles/2018/11/management-of-polycystic-ovary-syndrome""}], ""raw_model_output"": ""{\""conclusion\"": \""rumor\"", \""explanation\"": \""PCOS is a chronic condition that cannot be cured, but it is highly manageable. With proper treatment and lifestyle changes, symptoms can be effectively controlled, and long-term health risks can be reduced.\"", \""sources\"": [{\""title\"": \""NIH: Polycystic Ovary Syndrome\"", \""link\"": \""https://www.nichd.nih.gov/health/topics/pcos\""}, {\""title\"": \""ACOG: Management of Polycystic Ovary Syndrome\"", \""link\"": \""https://www.acog.org/clinical/clinical-guidance/practice-bulletin/articles/2018/11/management-of-polycystic-ovary-syndrome\""}]}""}"
2025-10-30T04:50:14.491607,多囊卵巢综合征是肥胖导致的,"{""conclusion"": ""rumor"", ""explanation"": ""Obesity is a common symptom and can worsen PCOS, but it is not the cause. PCOS is a complex endocrine disorder with genetic and hormonal origins, and many individuals with a healthy weight are also diagnosed."", ""sources"": [{""title"": ""NIH - Polycystic Ovary Syndrome"", ""link"": ""https://www.nichd.nih.gov/health/topics/pcos/conditioninfo/causes""}, {""title"": ""The Lancet - Polycystic ovary syndrome"", ""link"": ""https://www.thelancet.com/journals/lancet/article/PIIS0140-6736(22)00593-8/fulltext""}], ""raw_model_output"": ""{\""conclusion\"": \""rumor\"", \""explanation\"": \""Obesity is a common symptom and can worsen PCOS, but it is not the cause. PCOS is a complex endocrine disorder with genetic and hormonal origins, and many individuals with a healthy weight are also diagnosed.\"", \""sources\"": [{\""title\"": \""NIH - Polycystic Ovary Syndrome\"", \""link\"": \""https://www.nichd.nih.gov/health/topics/pcos/conditioninfo/causes\""}, {\""title\"": \""The Lancet - Polycystic ovary syndrome\"", \""link\"": \""https://www.thelancet.com/journals/lancet/article/PIIS0140-6736(22)00593-8/fulltext\""}]}""}"
